[{"model": "auth.user", "pk": 1, "fields": {"password": "pbkdf2_sha256$120000$E5cCIn4bnlEt$eIw/W7Q56lJe0y9i7N0rjrajjCE9Bcz7SMKjE4m7XsQ=", "last_login": "2019-03-23T13:46:03.550Z", "is_superuser": false, "username": "Lucas", "first_name": "", "last_name": "", "email": "", "is_staff": false, "is_active": true, "date_joined": "2019-03-23T13:46:03.331Z", "groups": [], "user_permissions": []}}, {"model": "auth.user", "pk": 2, "fields": {"password": "pbkdf2_sha256$120000$MgvUGQdUOL3X$XX2fTTF8egqe0lWOpmhqKx/Yc7JrDsWEwAilv2m02Ao=", "last_login": "2019-03-27T13:13:08.169Z", "is_superuser": false, "username": "roger", "first_name": "", "last_name": "", "email": "", "is_staff": false, "is_active": true, "date_joined": "2019-03-27T10:04:38.402Z", "groups": [], "user_permissions": []}}, {"model": "auth.user", "pk": 3, "fields": {"password": "pbkdf2_sha256$120000$054mOokwChYg$ZqT/48YuYZa54zpPUv0LNKoPFU/ewbG78QNhR5XfAxw=", "last_login": "2019-03-28T13:36:27.545Z", "is_superuser": false, "username": "Django", "first_name": "", "last_name": "", "email": "", "is_staff": false, "is_active": true, "date_joined": "2019-03-27T14:30:13.448Z", "groups": [], "user_permissions": []}}, {"model": "auth.user", "pk": 4, "fields": {"password": "pbkdf2_sha256$120000$lCm05d0eUOjO$6On7YhFUrU45jUeo61L9r3tZXzs2Z8ZUPjU72aPCOks=", "last_login": "2019-03-27T14:33:12.987Z", "is_superuser": true, "username": "superuser", "first_name": "", "last_name": "", "email": "movielist@movielist.com", "is_staff": true, "is_active": true, "date_joined": "2019-03-27T14:31:46.000Z", "groups": [], "user_permissions": []}}, {"model": "sessions.session", "pk": "hycgtsl78qkjs9y2ra7membu03xyz0dk", "fields": {"session_data": "NjMxMDg0YzQ0ZGM1NzU0Yzg5ZTMzN2QyZTM1YmI4MTJiYTM3NDZlNTp7Il9hdXRoX3VzZXJfaWQiOiIzIiwiX2F1dGhfdXNlcl9iYWNrZW5kIjoiZGphbmdvLmNvbnRyaWIuYXV0aC5iYWNrZW5kcy5Nb2RlbEJhY2tlbmQiLCJfYXV0aF91c2VyX2hhc2giOiIzMDM5NDg2NGQ3YzBlYTZkYjVjMmFjZDEwMDI4Y2Q0NTAwMzM2OGY4In0=", "expire_date": "2019-04-11T13:36:27.548Z"}}, {"model": "sessions.session", "pk": "m6jppfm8c1mv2hdere7yvxhuh80keved", "fields": {"session_data": "NjMxMDg0YzQ0ZGM1NzU0Yzg5ZTMzN2QyZTM1YmI4MTJiYTM3NDZlNTp7Il9hdXRoX3VzZXJfaWQiOiIzIiwiX2F1dGhfdXNlcl9iYWNrZW5kIjoiZGphbmdvLmNvbnRyaWIuYXV0aC5iYWNrZW5kcy5Nb2RlbEJhY2tlbmQiLCJfYXV0aF91c2VyX2hhc2giOiIzMDM5NDg2NGQ3YzBlYTZkYjVjMmFjZDEwMDI4Y2Q0NTAwMzM2OGY4In0=", "expire_date": "2019-04-10T14:30:13.637Z"}}, {"model": "movielistapp.person", "pk": 1, "fields": {"name": "Hans Beerbaum"}}, {"model": "movielistapp.person", "pk": 2, "fields": {"name": "Mike Coke"}}, {"model": "movielistapp.person", "pk": 3, "fields": {"name": "Jonah Dunkel Wilker"}}, {"model": "movielistapp.person", "pk": 4, "fields": {"name": "Sally Edens"}}, {"model": "movielistapp.person", "pk": 5, "fields": {"name": "Jerry Rapp"}}, {"model": "movielistapp.person", "pk": 6, "fields": {"name": "Daedalus Howell (story)"}}, {"model": "movielistapp.person", "pk": 7, "fields": {"name": "Peter Dinklage"}}, {"model": "movielistapp.person", "pk": 8, "fields": {"name": "Lena Headey"}}, {"model": "movielistapp.person", "pk": 9, "fields": {"name": "Emilia Clarke"}}, {"model": "movielistapp.person", "pk": 10, "fields": {"name": "Kit Harington"}}, {"model": "movielistapp.person", "pk": 11, "fields": {"name": "N/A"}}, {"model": "movielistapp.person", "pk": 12, "fields": {"name": "David Benioff"}}, {"model": "movielistapp.person", "pk": 13, "fields": {"name": "D.B. Weiss"}}, {"model": "movielistapp.person", "pk": 14, "fields": {"name": "Gerard Butler"}}, {"model": "movielistapp.person", "pk": 15, "fields": {"name": "Dominic West"}}, {"model": "movielistapp.person", "pk": 16, "fields": {"name": "David Wenham"}}, {"model": "movielistapp.person", "pk": 17, "fields": {"name": "Zack Snyder"}}, {"model": "movielistapp.person", "pk": 18, "fields": {"name": "Zack Snyder (screenplay)"}}, {"model": "movielistapp.person", "pk": 19, "fields": {"name": "Kurt Johnstad (screenplay)"}}, {"model": "movielistapp.person", "pk": 20, "fields": {"name": "Michael B. Gordon (screenplay)"}}, {"model": "movielistapp.person", "pk": 21, "fields": {"name": "Frank Miller (graphic novel)"}}, {"model": "movielistapp.person", "pk": 22, "fields": {"name": "Lynn Varley (graphic novel)"}}, {"model": "movielistapp.person", "pk": 23, "fields": {"name": "Hitomi Kuroki"}}, {"model": "movielistapp.person", "pk": 24, "fields": {"name": "Tsurutar\u00f4 Kataoka"}}, {"model": "movielistapp.person", "pk": 25, "fields": {"name": "Norihei Miki"}}, {"model": "movielistapp.person", "pk": 26, "fields": {"name": "Kippei Sh\u00eena"}}, {"model": "movielistapp.person", "pk": 27, "fields": {"name": "Nobuhiko \u00d4bayashi"}}, {"model": "movielistapp.person", "pk": 28, "fields": {"name": "Y\u00fbko Nishizawa"}}, {"model": "movielistapp.person", "pk": 29, "fields": {"name": "Jet Li"}}, {"model": "movielistapp.person", "pk": 30, "fields": {"name": "Tony Chiu-Wai Leung"}}, {"model": "movielistapp.person", "pk": 31, "fields": {"name": "Maggie Cheung"}}, {"model": "movielistapp.person", "pk": 32, "fields": {"name": "Ziyi Zhang"}}, {"model": "movielistapp.person", "pk": 33, "fields": {"name": "Yimou Zhang"}}, {"model": "movielistapp.person", "pk": 34, "fields": {"name": "Feng Li (screenplay)"}}, {"model": "movielistapp.person", "pk": 35, "fields": {"name": "Yimou Zhang (screenplay)"}}, {"model": "movielistapp.person", "pk": 36, "fields": {"name": "Bin Wang (screenplay)"}}, {"model": "movielistapp.person", "pk": 37, "fields": {"name": "Scott Adsit"}}, {"model": "movielistapp.person", "pk": 38, "fields": {"name": "Ryan Potter"}}, {"model": "movielistapp.person", "pk": 39, "fields": {"name": "Daniel Henney"}}, {"model": "movielistapp.person", "pk": 40, "fields": {"name": "T.J. Miller"}}, {"model": "movielistapp.person", "pk": 41, "fields": {"name": "Don Hall, Chris Williams"}}, {"model": "movielistapp.person", "pk": 42, "fields": {"name": "Jordan Roberts (screenplay by)"}}, {"model": "movielistapp.person", "pk": 43, "fields": {"name": "Robert L. Baird (screenplay by)"}}, {"model": "movielistapp.person", "pk": 44, "fields": {"name": "Daniel Gerson (screenplay by)"}}, {"model": "movielistapp.person", "pk": 45, "fields": {"name": "Man of Action (Big Hero 6 team and characters created by)"}}, {"model": "movielistapp.person", "pk": 46, "fields": {"name": "Steven T. Seagle (characters)"}}, {"model": "movielistapp.person", "pk": 47, "fields": {"name": "Duncan Rouleau (characters)"}}, {"model": "movielistapp.person", "pk": 48, "fields": {"name": "Christian Davi"}}, {"model": "movielistapp.person", "pk": 49, "fields": {"name": "Tobey Maguire"}}, {"model": "movielistapp.person", "pk": 50, "fields": {"name": "Willem Dafoe"}}, {"model": "movielistapp.person", "pk": 51, "fields": {"name": "Kirsten Dunst"}}, {"model": "movielistapp.person", "pk": 52, "fields": {"name": "James Franco"}}, {"model": "movielistapp.person", "pk": 53, "fields": {"name": "Sam Raimi"}}, {"model": "movielistapp.person", "pk": 54, "fields": {"name": "Stan Lee (Marvel comic book)"}}, {"model": "movielistapp.person", "pk": 55, "fields": {"name": "Steve Ditko (Marvel comic book)"}}, {"model": "movielistapp.person", "pk": 56, "fields": {"name": "David Koepp (screenplay)"}}, {"model": "movielistapp.person", "pk": 57, "fields": {"name": "Alfred Molina"}}, {"model": "movielistapp.person", "pk": 58, "fields": {"name": "Stan Lee (comic book)"}}, {"model": "movielistapp.person", "pk": 59, "fields": {"name": "Steve Ditko (comic book)"}}, {"model": "movielistapp.person", "pk": 60, "fields": {"name": "Alfred Gough (screen story)"}}, {"model": "movielistapp.person", "pk": 61, "fields": {"name": "Miles Millar (screen story)"}}, {"model": "movielistapp.person", "pk": 62, "fields": {"name": "Michael Chabon (screen story)"}}, {"model": "movielistapp.person", "pk": 63, "fields": {"name": "Alvin Sargent (screenplay)"}}, {"model": "movielistapp.person", "pk": 64, "fields": {"name": "Sharman Joshi"}}, {"model": "movielistapp.person", "pk": 65, "fields": {"name": "Amrita Arora"}}, {"model": "movielistapp.person", "pk": 66, "fields": {"name": "Sohail Khan"}}, {"model": "movielistapp.person", "pk": 67, "fields": {"name": "Isha Koppikar"}}, {"model": "movielistapp.person", "pk": 68, "fields": {"name": "Atul Agnihotri"}}, {"model": "movielistapp.person", "pk": 69, "fields": {"name": "Atul Agnihotri (screenplay)"}}, {"model": "movielistapp.person", "pk": 70, "fields": {"name": "Chetan Bhagat (additional dialogue)"}}, {"model": "movielistapp.person", "pk": 71, "fields": {"name": "Chetan Bhagat (book)"}}, {"model": "movielistapp.person", "pk": 72, "fields": {"name": "Jalees Sherwani (lyrics)"}}, {"model": "movielistapp.person", "pk": 73, "fields": {"name": "Alok Upadhyay (additional dialogue)"}}, {"model": "movielistapp.person", "pk": 74, "fields": {"name": "Janet Adler"}}, {"model": "movielistapp.person", "pk": 75, "fields": {"name": "Virginia K. Bartlett, Norris Brock"}}, {"model": "movielistapp.person", "pk": 76, "fields": {"name": "Robert Downey Jr."}}, {"model": "movielistapp.person", "pk": 77, "fields": {"name": "Terrence Howard"}}, {"model": "movielistapp.person", "pk": 78, "fields": {"name": "Jeff Bridges"}}, {"model": "movielistapp.person", "pk": 79, "fields": {"name": "Gwyneth Paltrow"}}, {"model": "movielistapp.person", "pk": 80, "fields": {"name": "Jon Favreau"}}, {"model": "movielistapp.person", "pk": 81, "fields": {"name": "Mark Fergus (screenplay)"}}, {"model": "movielistapp.person", "pk": 82, "fields": {"name": "Hawk Ostby (screenplay)"}}, {"model": "movielistapp.person", "pk": 83, "fields": {"name": "Art Marcum (screenplay)"}}, {"model": "movielistapp.person", "pk": 84, "fields": {"name": "Matt Holloway (screenplay)"}}, {"model": "movielistapp.person", "pk": 85, "fields": {"name": "Stan Lee (characters)"}}, {"model": "movielistapp.person", "pk": 86, "fields": {"name": "Don Heck (characters)"}}, {"model": "movielistapp.person", "pk": 87, "fields": {"name": "Larry Lieber (characters)"}}, {"model": "movielistapp.person", "pk": 88, "fields": {"name": "Jack Kirby (characters)"}}, {"model": "movielistapp.person", "pk": 89, "fields": {"name": "Millie Bobby Brown"}}, {"model": "movielistapp.person", "pk": 90, "fields": {"name": "Vera Farmiga"}}, {"model": "movielistapp.person", "pk": 91, "fields": {"name": "Charles Dance"}}, {"model": "movielistapp.person", "pk": 92, "fields": {"name": "Bradley Whitford"}}, {"model": "movielistapp.person", "pk": 93, "fields": {"name": "Michael Dougherty"}}, {"model": "movielistapp.person", "pk": 94, "fields": {"name": "Michael Dougherty (screenplay by)"}}, {"model": "movielistapp.person", "pk": 95, "fields": {"name": "Zach Shields (screenplay by)"}}, {"model": "movielistapp.person", "pk": 96, "fields": {"name": "Max Borenstein (story by)"}}, {"model": "movielistapp.person", "pk": 97, "fields": {"name": "Michael Dougherty (story by)"}}, {"model": "movielistapp.person", "pk": 98, "fields": {"name": "Zach Shields (story by)"}}, {"model": "movielistapp.person", "pk": 99, "fields": {"name": "Matthew Broderick"}}, {"model": "movielistapp.person", "pk": 100, "fields": {"name": "Jean Reno"}}, {"model": "movielistapp.person", "pk": 101, "fields": {"name": "Maria Pitillo"}}, {"model": "movielistapp.person", "pk": 102, "fields": {"name": "Hank Azaria"}}, {"model": "movielistapp.person", "pk": 103, "fields": {"name": "Roland Emmerich"}}, {"model": "movielistapp.person", "pk": 104, "fields": {"name": "Dean Devlin (screenplay)"}}, {"model": "movielistapp.person", "pk": 105, "fields": {"name": "Roland Emmerich (screenplay)"}}, {"model": "movielistapp.person", "pk": 106, "fields": {"name": "Ted Elliott (story)"}}, {"model": "movielistapp.person", "pk": 107, "fields": {"name": "Terry Rossio (story)"}}, {"model": "movielistapp.person", "pk": 108, "fields": {"name": "Dean Devlin (story)"}}, {"model": "movielistapp.person", "pk": 109, "fields": {"name": "Roland Emmerich (story)"}}, {"model": "movielistapp.person", "pk": 110, "fields": {"name": "Akira Takarada"}}, {"model": "movielistapp.person", "pk": 111, "fields": {"name": "Momoko K\u00f4chi"}}, {"model": "movielistapp.person", "pk": 112, "fields": {"name": "Akihiko Hirata"}}, {"model": "movielistapp.person", "pk": 113, "fields": {"name": "Takashi Shimura"}}, {"model": "movielistapp.person", "pk": 114, "fields": {"name": "Ishir\u00f4 Honda"}}, {"model": "movielistapp.person", "pk": 115, "fields": {"name": "Takeo Murata"}}, {"model": "movielistapp.person", "pk": 116, "fields": {"name": "Shigeru Kayama (story)"}}, {"model": "movielistapp.person", "pk": 117, "fields": {"name": "Nick Mancuso"}}, {"model": "movielistapp.person", "pk": 118, "fields": {"name": "Phillip Jarrett"}}, {"model": "movielistapp.person", "pk": 119, "fields": {"name": "Carrie-Anne Moss"}}, {"model": "movielistapp.person", "pk": 120, "fields": {"name": "John Vernon"}}, {"model": "movielistapp.person", "pk": 121, "fields": {"name": "Grenville Case"}}, {"model": "movielistapp.person", "pk": 122, "fields": {"name": "Bryan Cranston"}}, {"model": "movielistapp.person", "pk": 123, "fields": {"name": "Justin Berfield"}}, {"model": "movielistapp.person", "pk": 124, "fields": {"name": "Erik Per Sullivan"}}, {"model": "movielistapp.person", "pk": 125, "fields": {"name": "Jane Kaczmarek"}}, {"model": "movielistapp.person", "pk": 126, "fields": {"name": "Linwood Boomer"}}, {"model": "movielistapp.person", "pk": 127, "fields": {"name": "Michael Glouberman"}}, {"model": "movielistapp.person", "pk": 128, "fields": {"name": "Gary Murphy"}}, {"model": "movielistapp.person", "pk": 129, "fields": {"name": "Andy Bobrow"}}, {"model": "movielistapp.person", "pk": 130, "fields": {"name": "Vin Diesel"}}, {"model": "movielistapp.person", "pk": 131, "fields": {"name": "Paul Walker"}}, {"model": "movielistapp.person", "pk": 132, "fields": {"name": "Jason Statham"}}, {"model": "movielistapp.person", "pk": 133, "fields": {"name": "Michelle Rodriguez"}}, {"model": "movielistapp.person", "pk": 134, "fields": {"name": "James Wan"}}, {"model": "movielistapp.person", "pk": 135, "fields": {"name": "Chris Morgan"}}, {"model": "movielistapp.person", "pk": 136, "fields": {"name": "Gary Scott Thompson (characters)"}}, {"model": "movielistapp.person", "pk": 137, "fields": {"name": "Allari Naresh"}}, {"model": "movielistapp.person", "pk": 138, "fields": {"name": "Sakshi Chaudhary"}}, {"model": "movielistapp.person", "pk": 139, "fields": {"name": "Raghu Babu"}}, {"model": "movielistapp.person", "pk": 140, "fields": {"name": "Banerjee"}}, {"model": "movielistapp.person", "pk": 141, "fields": {"name": "Sai Kishore Macha"}}, {"model": "movielistapp.person", "pk": 142, "fields": {"name": "Gopimohan (thanks)"}}, {"model": "movielistapp.person", "pk": 143, "fields": {"name": "Bradley Cooper"}}, {"model": "movielistapp.person", "pk": 144, "fields": {"name": "Brie Larson"}}, {"model": "movielistapp.person", "pk": 145, "fields": {"name": "Chris Hemsworth"}}, {"model": "movielistapp.person", "pk": 146, "fields": {"name": "Chris Evans"}}, {"model": "movielistapp.person", "pk": 147, "fields": {"name": "Anthony Russo, Joe Russo"}}, {"model": "movielistapp.person", "pk": 148, "fields": {"name": "Christopher Markus"}}, {"model": "movielistapp.person", "pk": 149, "fields": {"name": "Stephen McFeely"}}, {"model": "movielistapp.person", "pk": 150, "fields": {"name": "Stan Lee (based on the Marvel comics by)"}}, {"model": "movielistapp.person", "pk": 151, "fields": {"name": "Jack Kirby (based on the Marvel comics by)"}}, {"model": "movielistapp.person", "pk": 152, "fields": {"name": "Jim Starlin (comic book)"}}, {"model": "movielistapp.person", "pk": 153, "fields": {"name": "Mark Ruffalo"}}, {"model": "movielistapp.person", "pk": 154, "fields": {"name": "Joss Whedon"}}, {"model": "movielistapp.person", "pk": 155, "fields": {"name": "Joss Whedon (screenplay)"}}, {"model": "movielistapp.person", "pk": 156, "fields": {"name": "Zak Penn (story)"}}, {"model": "movielistapp.person", "pk": 157, "fields": {"name": "Joss Whedon (story)"}}, {"model": "movielistapp.person", "pk": 158, "fields": {"name": "Colin Friels"}}, {"model": "movielistapp.person", "pk": 159, "fields": {"name": "Lindy Davies"}}, {"model": "movielistapp.person", "pk": 160, "fields": {"name": "Chris Haywood"}}, {"model": "movielistapp.person", "pk": 161, "fields": {"name": "John Hargreaves"}}, {"model": "movielistapp.person", "pk": 162, "fields": {"name": "Nadia Tass"}}, {"model": "movielistapp.person", "pk": 163, "fields": {"name": "David Parker (screenplay)"}}, {"model": "movielistapp.person", "pk": 164, "fields": {"name": "Ana Bola"}}, {"model": "movielistapp.person", "pk": 165, "fields": {"name": "Filipe Ferrer"}}, {"model": "movielistapp.person", "pk": 166, "fields": {"name": "Herman Jos\u00e9"}}, {"model": "movielistapp.person", "pk": 167, "fields": {"name": "Jos\u00e9 Pedro Gomes"}}, {"model": "movielistapp.person", "pk": 168, "fields": {"name": "Ilya Algaer"}}, {"model": "movielistapp.person", "pk": 169, "fields": {"name": "Iris Baglanea"}}, {"model": "movielistapp.person", "pk": 170, "fields": {"name": "Lila Baklesi"}}, {"model": "movielistapp.person", "pk": 171, "fields": {"name": "Markella Giannatou"}}, {"model": "movielistapp.person", "pk": 172, "fields": {"name": "Orfeas Peretzis"}}, {"model": "movielistapp.person", "pk": 173, "fields": {"name": "Daniel Craig"}}, {"model": "movielistapp.person", "pk": 174, "fields": {"name": "Olga Kurylenko"}}, {"model": "movielistapp.person", "pk": 175, "fields": {"name": "Mathieu Amalric"}}, {"model": "movielistapp.person", "pk": 176, "fields": {"name": "Judi Dench"}}, {"model": "movielistapp.person", "pk": 177, "fields": {"name": "Marc Forster"}}, {"model": "movielistapp.person", "pk": 178, "fields": {"name": "Paul Haggis"}}, {"model": "movielistapp.person", "pk": 179, "fields": {"name": "Neal Purvis"}}, {"model": "movielistapp.person", "pk": 180, "fields": {"name": "Robert Wade"}}, {"model": "movielistapp.person", "pk": 181, "fields": {"name": "Franchot Tone"}}, {"model": "movielistapp.person", "pk": 182, "fields": {"name": "Ann Sothern"}}, {"model": "movielistapp.person", "pk": 183, "fields": {"name": "Ruth Hussey"}}, {"model": "movielistapp.person", "pk": 184, "fields": {"name": "Lee Bowman"}}, {"model": "movielistapp.person", "pk": 185, "fields": {"name": "Busby Berkeley"}}, {"model": "movielistapp.person", "pk": 186, "fields": {"name": "Harry Kurnitz (original screen play)"}}, {"model": "movielistapp.person", "pk": 187, "fields": {"name": "Johnny Yong Bosch"}}, {"model": "movielistapp.person", "pk": 188, "fields": {"name": "Michelle Ruff"}}, {"model": "movielistapp.person", "pk": 189, "fields": {"name": "Stephanie Sheh"}}, {"model": "movielistapp.person", "pk": 190, "fields": {"name": "Jamieson Price"}}, {"model": "movielistapp.person", "pk": 191, "fields": {"name": "Tite Kubo"}}, {"model": "movielistapp.person", "pk": 192, "fields": {"name": "Masataka Kubota"}}, {"model": "movielistapp.person", "pk": 193, "fields": {"name": "Don Sparks"}}, {"model": "movielistapp.person", "pk": 194, "fields": {"name": "Sy Richardson"}}, {"model": "movielistapp.person", "pk": 195, "fields": {"name": "Irwin Corey"}}, {"model": "movielistapp.person", "pk": 196, "fields": {"name": "Robert Harris"}}, {"model": "movielistapp.person", "pk": 197, "fields": {"name": "Harry Hurwitz"}}, {"model": "movielistapp.person", "pk": 198, "fields": {"name": "Frank Ray Perilli"}}, {"model": "movielistapp.person", "pk": 199, "fields": {"name": "Franne Schacht"}}, {"model": "movielistapp.person", "pk": 200, "fields": {"name": "Charles Band (original idea)"}}, {"model": "movielistapp.person", "pk": 201, "fields": {"name": "Miles Teller"}}, {"model": "movielistapp.person", "pk": 202, "fields": {"name": "J.K. Simmons"}}, {"model": "movielistapp.person", "pk": 203, "fields": {"name": "Paul Reiser"}}, {"model": "movielistapp.person", "pk": 204, "fields": {"name": "Melissa Benoist"}}, {"model": "movielistapp.person", "pk": 205, "fields": {"name": "Damien Chazelle"}}, {"model": "movielistapp.person", "pk": 206, "fields": {"name": "Alan Howard"}}, {"model": "movielistapp.person", "pk": 207, "fields": {"name": "Noel Appleby"}}, {"model": "movielistapp.person", "pk": 208, "fields": {"name": "Sean Astin"}}, {"model": "movielistapp.person", "pk": 209, "fields": {"name": "Sala Baker"}}, {"model": "movielistapp.person", "pk": 210, "fields": {"name": "Peter Jackson"}}, {"model": "movielistapp.person", "pk": 211, "fields": {"name": "J.R.R. Tolkien (novel)"}}, {"model": "movielistapp.person", "pk": 212, "fields": {"name": "Fran Walsh (screenplay)"}}, {"model": "movielistapp.person", "pk": 213, "fields": {"name": "Philippa Boyens (screenplay)"}}, {"model": "movielistapp.person", "pk": 214, "fields": {"name": "Peter Jackson (screenplay)"}}, {"model": "movielistapp.person", "pk": 215, "fields": {"name": "Harrison Ford"}}, {"model": "movielistapp.person", "pk": 216, "fields": {"name": "Mark Hamill"}}, {"model": "movielistapp.person", "pk": 217, "fields": {"name": "Carrie Fisher"}}, {"model": "movielistapp.person", "pk": 218, "fields": {"name": "Adam Driver"}}, {"model": "movielistapp.person", "pk": 219, "fields": {"name": "J.J. Abrams"}}, {"model": "movielistapp.person", "pk": 220, "fields": {"name": "Lawrence Kasdan"}}, {"model": "movielistapp.person", "pk": 221, "fields": {"name": "Michael Arndt"}}, {"model": "movielistapp.person", "pk": 222, "fields": {"name": "George Lucas (based on characters created by)"}}, {"model": "movielistapp.person", "pk": 223, "fields": {"name": "Tim Roth"}}, {"model": "movielistapp.person", "pk": 224, "fields": {"name": "Amanda Plummer"}}, {"model": "movielistapp.person", "pk": 225, "fields": {"name": "Laura Lovelace"}}, {"model": "movielistapp.person", "pk": 226, "fields": {"name": "John Travolta"}}, {"model": "movielistapp.person", "pk": 227, "fields": {"name": "Quentin Tarantino"}}, {"model": "movielistapp.person", "pk": 228, "fields": {"name": "Quentin Tarantino (stories)"}}, {"model": "movielistapp.person", "pk": 229, "fields": {"name": "Roger Avary (stories)"}}, {"model": "movielistapp.person", "pk": 230, "fields": {"name": "Uma Thurman"}}, {"model": "movielistapp.person", "pk": 231, "fields": {"name": "Lucy Liu"}}, {"model": "movielistapp.person", "pk": 232, "fields": {"name": "Vivica A. Fox"}}, {"model": "movielistapp.person", "pk": 233, "fields": {"name": "Daryl Hannah"}}, {"model": "movielistapp.person", "pk": 234, "fields": {"name": "Quentin Tarantino (character The Bride)"}}, {"model": "movielistapp.person", "pk": 235, "fields": {"name": "Uma Thurman (character The Bride)"}}, {"model": "movielistapp.person", "pk": 236, "fields": {"name": "Daisy Ridley"}}, {"model": "movielistapp.person", "pk": 237, "fields": {"name": "Rian Johnson"}}, {"model": "movielistapp.person", "pk": 238, "fields": {"name": "Ed Helms"}}, {"model": "movielistapp.person", "pk": 239, "fields": {"name": "Zach Galifianakis"}}, {"model": "movielistapp.person", "pk": 240, "fields": {"name": "Justin Bartha"}}, {"model": "movielistapp.person", "pk": 241, "fields": {"name": "Todd Phillips"}}, {"model": "movielistapp.person", "pk": 242, "fields": {"name": "Jon Lucas"}}, {"model": "movielistapp.person", "pk": 243, "fields": {"name": "Scott Moore"}}, {"model": "movielistapp.person", "pk": 244, "fields": {"name": "Lily Martinez"}}, {"model": "movielistapp.person", "pk": 245, "fields": {"name": "Nicolas Sartous"}}, {"model": "movielistapp.person", "pk": 246, "fields": {"name": "Amandine Thomazeau"}}, {"model": "movielistapp.person", "pk": 247, "fields": {"name": "Yannick Rolandeau"}}, {"model": "movielistapp.person", "pk": 248, "fields": {"name": "Christian Clavier"}}, {"model": "movielistapp.person", "pk": 249, "fields": {"name": "Val\u00e9rie Lemercier"}}, {"model": "movielistapp.person", "pk": 250, "fields": {"name": "Marie-Anne Chazel"}}, {"model": "movielistapp.person", "pk": 251, "fields": {"name": "Jean-Marie Poir\u00e9"}}, {"model": "movielistapp.person", "pk": 252, "fields": {"name": "Michael Keaton"}}, {"model": "movielistapp.person", "pk": 253, "fields": {"name": "Jack Nicholson"}}, {"model": "movielistapp.person", "pk": 254, "fields": {"name": "Kim Basinger"}}, {"model": "movielistapp.person", "pk": 255, "fields": {"name": "Robert Wuhl"}}, {"model": "movielistapp.person", "pk": 256, "fields": {"name": "Tim Burton"}}, {"model": "movielistapp.person", "pk": 257, "fields": {"name": "Bob Kane (Batman characters)"}}, {"model": "movielistapp.person", "pk": 258, "fields": {"name": "Sam Hamm (story)"}}, {"model": "movielistapp.person", "pk": 259, "fields": {"name": "Sam Hamm (screenplay)"}}, {"model": "movielistapp.person", "pk": 260, "fields": {"name": "Warren Skaaren (screenplay)"}}, {"model": "movielistapp.person", "pk": 261, "fields": {"name": "Marlon Brando"}}, {"model": "movielistapp.person", "pk": 262, "fields": {"name": "Gene Hackman"}}, {"model": "movielistapp.person", "pk": 263, "fields": {"name": "Christopher Reeve"}}, {"model": "movielistapp.person", "pk": 264, "fields": {"name": "Ned Beatty"}}, {"model": "movielistapp.person", "pk": 265, "fields": {"name": "Richard Donner"}}, {"model": "movielistapp.person", "pk": 266, "fields": {"name": "Jerry Siegel (character created by: Superman)"}}, {"model": "movielistapp.person", "pk": 267, "fields": {"name": "Joe Shuster (character created by: Superman)"}}, {"model": "movielistapp.person", "pk": 268, "fields": {"name": "Mario Puzo (story)"}}, {"model": "movielistapp.person", "pk": 269, "fields": {"name": "Mario Puzo (screenplay)"}}, {"model": "movielistapp.person", "pk": 270, "fields": {"name": "David Newman (screenplay)"}}, {"model": "movielistapp.person", "pk": 271, "fields": {"name": "Leslie Newman (screenplay)"}}, {"model": "movielistapp.person", "pk": 272, "fields": {"name": "Robert Benton (screenplay)"}}, {"model": "movielistapp.person", "pk": 273, "fields": {"name": "Yves Montand"}}, {"model": "movielistapp.person", "pk": 274, "fields": {"name": "G\u00e9rard Depardieu"}}, {"model": "movielistapp.person", "pk": 275, "fields": {"name": "Daniel Auteuil"}}, {"model": "movielistapp.person", "pk": 276, "fields": {"name": "Elisabeth Depardieu"}}, {"model": "movielistapp.person", "pk": 277, "fields": {"name": "Claude Berri"}}, {"model": "movielistapp.person", "pk": 278, "fields": {"name": "Claude Berri (adaptation)"}}, {"model": "movielistapp.person", "pk": 279, "fields": {"name": "G\u00e9rard Brach (adaptation)"}}, {"model": "movielistapp.person", "pk": 280, "fields": {"name": "Marcel Pagnol (novel)"}}, {"model": "movielistapp.person", "pk": 281, "fields": {"name": "Charlie Sheen"}}, {"model": "movielistapp.person", "pk": 282, "fields": {"name": "James Paradise"}}, {"model": "movielistapp.person", "pk": 283, "fields": {"name": "Anne Bellamy"}}, {"model": "movielistapp.person", "pk": 284, "fields": {"name": "Jason Schwartzman"}}, {"model": "movielistapp.person", "pk": 285, "fields": {"name": "Roman Coppola"}}, {"model": "movielistapp.person", "pk": 286, "fields": {"name": "Genevi\u00e8ve Mersch"}}, {"model": "movielistapp.person", "pk": 287, "fields": {"name": "Donald Pleasence"}}, {"model": "movielistapp.person", "pk": 288, "fields": {"name": "Fran\u00e7oise Dorl\u00e9ac"}}, {"model": "movielistapp.person", "pk": 289, "fields": {"name": "Lionel Stander"}}, {"model": "movielistapp.person", "pk": 290, "fields": {"name": "Jack MacGowran"}}, {"model": "movielistapp.person", "pk": 291, "fields": {"name": "Roman Polanski"}}, {"model": "movielistapp.person", "pk": 292, "fields": {"name": "Roman Polanski (original screenplay)"}}, {"model": "movielistapp.person", "pk": 293, "fields": {"name": "G\u00e9rard Brach (original screenplay)"}}, {"model": "movielistapp.country", "pk": 1, "fields": {"name": "USA"}}, {"model": "movielistapp.country", "pk": 2, "fields": {"name": "UK"}}, {"model": "movielistapp.country", "pk": 3, "fields": {"name": "Canada"}}, {"model": "movielistapp.country", "pk": 4, "fields": {"name": "Japan"}}, {"model": "movielistapp.country", "pk": 5, "fields": {"name": "China"}}, {"model": "movielistapp.country", "pk": 6, "fields": {"name": "Hong Kong"}}, {"model": "movielistapp.country", "pk": 7, "fields": {"name": "Switzerland"}}, {"model": "movielistapp.country", "pk": 8, "fields": {"name": "India"}}, {"model": "movielistapp.country", "pk": 9, "fields": {"name": "United Arab Emirates"}}, {"model": "movielistapp.country", "pk": 10, "fields": {"name": "Australia"}}, {"model": "movielistapp.country", "pk": 11, "fields": {"name": "Portugal"}}, {"model": "movielistapp.country", "pk": 12, "fields": {"name": "Greece"}}, {"model": "movielistapp.country", "pk": 13, "fields": {"name": "New Zealand"}}, {"model": "movielistapp.country", "pk": 14, "fields": {"name": "Germany"}}, {"model": "movielistapp.country", "pk": 15, "fields": {"name": "France"}}, {"model": "movielistapp.country", "pk": 16, "fields": {"name": "Panama"}}, {"model": "movielistapp.country", "pk": 17, "fields": {"name": "Italy"}}, {"model": "movielistapp.country", "pk": 18, "fields": {"name": "Luxembourg"}}, {"model": "movielistapp.type", "pk": 1, "fields": {"name": "movie"}}, {"model": "movielistapp.type", "pk": 2, "fields": {"name": "series"}}, {"model": "movielistapp.genre", "pk": 1, "fields": {"name": "Short"}}, {"model": "movielistapp.genre", "pk": 2, "fields": {"name": "Drama"}}, {"model": "movielistapp.genre", "pk": 3, "fields": {"name": "History"}}, {"model": "movielistapp.genre", "pk": 4, "fields": {"name": "Action"}}, {"model": "movielistapp.genre", "pk": 5, "fields": {"name": "Adventure"}}, {"model": "movielistapp.genre", "pk": 6, "fields": {"name": "Fantasy"}}, {"model": "movielistapp.genre", "pk": 7, "fields": {"name": "Romance"}}, {"model": "movielistapp.genre", "pk": 8, "fields": {"name": "Biography"}}, {"model": "movielistapp.genre", "pk": 9, "fields": {"name": "Animation"}}, {"model": "movielistapp.genre", "pk": 10, "fields": {"name": "Comedy"}}, {"model": "movielistapp.genre", "pk": 11, "fields": {"name": "Family"}}, {"model": "movielistapp.genre", "pk": 12, "fields": {"name": "Sci-Fi"}}, {"model": "movielistapp.genre", "pk": 13, "fields": {"name": "Documentary"}}, {"model": "movielistapp.genre", "pk": 14, "fields": {"name": "Thriller"}}, {"model": "movielistapp.genre", "pk": 15, "fields": {"name": "Horror"}}, {"model": "movielistapp.genre", "pk": 16, "fields": {"name": "Crime"}}, {"model": "movielistapp.genre", "pk": 17, "fields": {"name": "Musical"}}, {"model": "movielistapp.genre", "pk": 18, "fields": {"name": "Mystery"}}, {"model": "movielistapp.genre", "pk": 19, "fields": {"name": "Music"}}, {"model": "movielistapp.state", "pk": 1, "fields": {"name": "Seen"}}, {"model": "movielistapp.state", "pk": 2, "fields": {"name": "Plan to watch"}}, {"model": "movielistapp.movie", "pk": 1, "fields": {"imdbID": "tt0144589", "name": "Sada", "year": 1998, "released": "1998-04-11", "runtime": "132 min", "poster_link": "https://images-na.ssl-images-amazon.com/images/M/MV5BMTI5ODQyMjQ0OV5BMl5BanBnXkFtZTcwMjE4NDYyMQ@@._V1_SX300.jpg", "ratings": "[{\"Source\": \"Internet Movie Database\", \"Value\": \"6.7/10\"}]", "plot": "The film follows the life of Sada Abe, who became a celebrity in 1936 after strangling her lover and slicing off his penis.", "awards": "3 wins & 1 nomination.", "dvd": "2004-08-10", "director": 27, "type": 1, "scenarists": [], "actors": [], "countrys": [], "genres": []}}, {"model": "movielistapp.movie", "pk": 14, "fields": {"imdbID": "tt0299977", "name": "Hero", "year": 2002, "released": "2004-08-27", "runtime": "107 min", "poster_link": "https://m.media-amazon.com/images/M/MV5BMWE5MDBjOGYtMTAxMi00NGUyLWFiMmItYWI1MTQxNzBmZmNkL2ltYWdlXkEyXkFqcGdeQXVyNTAyODkwOQ@@._V1_SX300.jpg", "ratings": [{"Value": "7.9/10", "Source": "Internet Movie Database"}, {"Value": "85/100", "Source": "Metacritic"}], "plot": "A defense officer, Nameless, was summoned by the King of Qin regarding his success of terminating three warriors.", "awards": "Nominated for 1 Oscar. Another 37 wins & 39 nominations.", "dvd": "2004-01-06", "director": 33, "type": 1, "scenarists": [], "actors": [], "countrys": [], "genres": []}}, {"model": "movielistapp.movie", "pk": 16, "fields": {"imdbID": "tt2245084", "name": "Big Hero 6", "year": 2014, "released": "2014-11-07", "runtime": "102 min", "poster_link": "https://m.media-amazon.com/images/M/MV5BMDliOTIzNmUtOTllOC00NDU3LWFiNjYtMGM0NDc1YTMxNjYxXkEyXkFqcGdeQXVyNTM3NzExMDQ@._V1_SX300.jpg", "ratings": [{"Value": "7.8/10", "Source": "Internet Movie Database"}, {"Value": "89%", "Source": "Rotten Tomatoes"}, {"Value": "74/100", "Source": "Metacritic"}], "plot": "The special bond that develops between plus-sized inflatable robot Baymax, and prodigy Hiro Hamada, who team up with a group of friends to form a band of high-tech heroes.", "awards": "Won 1 Oscar. Another 16 wins & 57 nominations.", "dvd": "2015-02-24", "director": 41, "type": 1, "scenarists": [42, 43, 44, 45, 46, 47], "actors": [37, 38, 39, 40], "countrys": [1], "genres": [2, 4, 5, 9, 10, 11, 12]}}, {"model": "movielistapp.movie", "pk": 17, "fields": {"imdbID": "tt0100669", "name": "Spiderman", "year": 1990, "released": null, "runtime": "5 min", "poster_link": "N/A", "ratings": [{"Value": "5.7/10", "Source": "Internet Movie Database"}], "plot": "N/A", "awards": "N/A", "dvd": null, "director": 48, "type": 1, "scenarists": [11], "actors": [11], "countrys": [7], "genres": [1]}}, {"model": "movielistapp.movie", "pk": 18, "fields": {"imdbID": "tt0145487", "name": "Spider-Man", "year": 2002, "released": "2002-05-03", "runtime": "121 min", "poster_link": "https://m.media-amazon.com/images/M/MV5BZDEyN2NhMjgtMjdhNi00MmNlLWE5YTgtZGE4MzNjMTRlMGEwXkEyXkFqcGdeQXVyNDUyOTg3Njg@._V1_SX300.jpg", "ratings": [{"Value": "7.3/10", "Source": "Internet Movie Database"}, {"Value": "90%", "Source": "Rotten Tomatoes"}, {"Value": "73/100", "Source": "Metacritic"}], "plot": "When bitten by a genetically modified spider, a nerdy, shy, and awkward high school student gains spider-like abilities that he eventually must use to fight evil as a superhero after tragedy befalls his family.", "awards": "Nominated for 2 Oscars. Another 16 wins & 58 nominations.", "dvd": "2002-11-01", "director": 53, "type": 1, "scenarists": [54, 55, 56], "actors": [49, 50, 51, 52], "countrys": [1], "genres": [4, 5, 12]}}, {"model": "movielistapp.movie", "pk": 19, "fields": {"imdbID": "tt0316654", "name": "Spider-Man 2", "year": 2004, "released": "2004-06-30", "runtime": "127 min", "poster_link": "https://m.media-amazon.com/images/M/MV5BMzY2ODk4NmUtOTVmNi00ZTdkLTlmOWYtMmE2OWVhNTU2OTVkXkEyXkFqcGdeQXVyMTQxNzMzNDI@._V1_SX300.jpg", "ratings": [{"Value": "7.3/10", "Source": "Internet Movie Database"}, {"Value": "93%", "Source": "Rotten Tomatoes"}, {"Value": "83/100", "Source": "Metacritic"}], "plot": "Peter Parker is beset with troubles in his failing personal life as he battles a brilliant scientist named Doctor Otto Octavius.", "awards": "Won 1 Oscar. Another 23 wins & 59 nominations.", "dvd": "2004-11-30", "director": 53, "type": 1, "scenarists": [58, 59, 60, 61, 62, 63], "actors": [49, 51, 52, 57], "countrys": [1], "genres": [4, 5, 12]}}, {"model": "movielistapp.movie", "pk": 20, "fields": {"imdbID": "tt1087856", "name": "Hello", "year": 2008, "released": "2008-10-10", "runtime": "129 min", "poster_link": "https://m.media-amazon.com/images/M/MV5BZGM5NjliODgtODVlOS00OWZmLWIzYzMtMTI2OWIzMTM1ZGRhXkEyXkFqcGdeQXVyNDUzOTQ5MjY@._V1_SX300.jpg", "ratings": [{"Value": "3.4/10", "Source": "Internet Movie Database"}], "plot": "Hello... is a tale about the events that happen one night at a call center. Told through the views of the protagonist, Shyam, it is a story of almost lost love, thwarted ambitions, absence ...", "awards": "N/A", "dvd": "2008-12-08", "director": 68, "type": 1, "scenarists": [69, 70, 71, 72, 73], "actors": [64, 65, 66, 67], "countrys": [8], "genres": [2, 7]}}, {"model": "movielistapp.movie", "pk": 21, "fields": {"imdbID": "tt0250511", "name": "Looking for Me", "year": 1970, "released": null, "runtime": "29 min", "poster_link": "N/A", "ratings": [], "plot": "N/A", "awards": "N/A", "dvd": null, "director": 75, "type": 1, "scenarists": [11], "actors": [74], "countrys": [1], "genres": [1, 13]}}, {"model": "movielistapp.movie", "pk": 22, "fields": {"imdbID": "tt0416449", "name": "300", "year": 2006, "released": "2007-03-09", "runtime": "117 min", "poster_link": "https://m.media-amazon.com/images/M/MV5BMjAzNTkzNjcxNl5BMl5BanBnXkFtZTYwNDA4NjE3._V1_SX300.jpg", "ratings": [{"Value": "7.7/10", "Source": "Internet Movie Database"}, {"Value": "60%", "Source": "Rotten Tomatoes"}, {"Value": "52/100", "Source": "Metacritic"}], "plot": "King Leonidas of Sparta and a force of 300 men fight the Persians at Thermopylae in 480 B.C.", "awards": "17 wins & 45 nominations.", "dvd": "2007-07-31", "director": 17, "type": 1, "scenarists": [18, 19, 20, 21, 22], "actors": [14, 8, 15, 16], "countrys": [1, 3], "genres": [4, 6]}}, {"model": "movielistapp.movie", "pk": 23, "fields": {"imdbID": "tt0371746", "name": "Iron Man", "year": 2008, "released": "2008-05-02", "runtime": "126 min", "poster_link": "https://m.media-amazon.com/images/M/MV5BMTczNTI2ODUwOF5BMl5BanBnXkFtZTcwMTU0NTIzMw@@._V1_SX300.jpg", "ratings": [{"Value": "7.9/10", "Source": "Internet Movie Database"}, {"Value": "93%", "Source": "Rotten Tomatoes"}, {"Value": "79/100", "Source": "Metacritic"}], "plot": "After being held captive in an Afghan cave, billionaire engineer Tony Stark creates a unique weaponized suit of armor to fight evil.", "awards": "Nominated for 2 Oscars. Another 20 wins & 65 nominations.", "dvd": "2008-09-30", "director": 80, "type": 1, "scenarists": [81, 82, 83, 84, 85, 86, 87, 88], "actors": [76, 77, 78, 79], "countrys": [1], "genres": [4, 5, 12]}}, {"model": "movielistapp.movie", "pk": 24, "fields": {"imdbID": "tt3741700", "name": "Godzilla: King of the Monsters", "year": 2019, "released": "2019-05-31", "runtime": "N/A", "poster_link": "https://m.media-amazon.com/images/M/MV5BMjkwNjMwMjEwNF5BMl5BanBnXkFtZTgwMzg5NjI5NjM@._V1_SX300.jpg", "ratings": [], "plot": "The crypto-zoological agency Monarch faces off against a battery of god-sized monsters, including the mighty Godzilla, who collides with Mothra, Rodan, and his ultimate nemesis, the three-headed King Ghidorah.", "awards": "N/A", "dvd": null, "director": 93, "type": 1, "scenarists": [94, 95, 96, 97, 98], "actors": [89, 90, 91, 92], "countrys": [1], "genres": [4, 5, 6, 12]}}, {"model": "movielistapp.movie", "pk": 25, "fields": {"imdbID": "tt0120685", "name": "Godzilla", "year": 1998, "released": "1998-05-20", "runtime": "139 min", "poster_link": "https://m.media-amazon.com/images/M/MV5BNjFlOTI2OGQtMzg0YS00ZGE4LTkwMjEtZDUzYThlOTU5YjQ5XkEyXkFqcGdeQXVyMTQxNzMzNDI@._V1_SX300.jpg", "ratings": [{"Value": "5.3/10", "Source": "Internet Movie Database"}, {"Value": "16%", "Source": "Rotten Tomatoes"}, {"Value": "32/100", "Source": "Metacritic"}], "plot": "A giant, reptilian monster surfaces, leaving destruction in its wake as it strides into New York City. To stop it, an earthworm scientist, his reporter ex-girlfriend, and other unlikely heroes team up to save their city.", "awards": "10 wins & 12 nominations.", "dvd": "2000-12-26", "director": 103, "type": 1, "scenarists": [104, 105, 106, 107, 108, 109], "actors": [99, 100, 101, 102], "countrys": [1, 4], "genres": [4, 12, 14]}}, {"model": "movielistapp.movie", "pk": 27, "fields": {"imdbID": "tt0047034", "name": "Godzilla", "year": 1954, "released": "2004-05-07", "runtime": "96 min", "poster_link": "https://m.media-amazon.com/images/M/MV5BMjAzNTk3MTc2OF5BMl5BanBnXkFtZTgwNzI5MzU5MTE@._V1_SX300.jpg", "ratings": [{"Value": "7.6/10", "Source": "Internet Movie Database"}, {"Value": "93%", "Source": "Rotten Tomatoes"}, {"Value": "78/100", "Source": "Metacritic"}], "plot": "American nuclear weapons testing results in the creation of a seemingly unstoppable, dinosaur-like beast.", "awards": "2 wins & 2 nominations.", "dvd": "2006-07-28", "director": 114, "type": 1, "scenarists": [114, 115, 116], "actors": [110, 111, 112, 113], "countrys": [4], "genres": [2, 12, 14, 15]}}, {"model": "movielistapp.movie", "pk": 28, "fields": {"imdbID": "tt2820852", "name": "Furious 7", "year": 2015, "released": "2015-04-03", "runtime": "137 min", "poster_link": "https://m.media-amazon.com/images/M/MV5BMTQxOTA2NDUzOV5BMl5BanBnXkFtZTgwNzY2MTMxMzE@._V1_SX300.jpg", "ratings": [{"Value": "7.2/10", "Source": "Internet Movie Database"}, {"Value": "81%", "Source": "Rotten Tomatoes"}, {"Value": "67/100", "Source": "Metacritic"}], "plot": "Deckard Shaw seeks revenge against Dominic Toretto and his family for his comatose brother.", "awards": "Nominated for 1 Golden Globe. Another 28 wins & 31 nominations.", "dvd": "2015-09-15", "director": 134, "type": 1, "scenarists": [135, 136], "actors": [130, 131, 132, 133], "countrys": [1, 3, 4, 5, 9], "genres": [4, 14, 16]}}, {"model": "movielistapp.movie", "pk": 29, "fields": {"imdbID": "tt4896340", "name": "James Bond", "year": 2015, "released": "2015-07-24", "runtime": "142 min", "poster_link": "https://m.media-amazon.com/images/M/MV5BMjAzODgyMTg3MF5BMl5BanBnXkFtZTgwMzIzMTAwOTE@._V1_SX300.jpg", "ratings": [{"Value": "5.5/10", "Source": "Internet Movie Database"}], "plot": "Nani (Allari Naresh) is a trepid and fearful guy who works as a software engineer. Bullet (Sakshi Chaudhary) is a mafia don in Dubai. Her mother doesn't know about Bullet's profession. ...", "awards": "N/A", "dvd": null, "director": 141, "type": 1, "scenarists": [141, 142], "actors": [137, 138, 139, 140], "countrys": [8], "genres": [4, 10]}}, {"model": "movielistapp.movie", "pk": 30, "fields": {"imdbID": "tt0106062", "name": "Matrix", "year": 1993, "released": "1993-03-01", "runtime": "60 min", "poster_link": "https://m.media-amazon.com/images/M/MV5BYzUzOTA5ZTMtMTdlZS00MmQ5LWFmNjEtMjE5MTczN2RjNjE3XkEyXkFqcGdeQXVyNTc2ODIyMzY@._V1_SX300.jpg", "ratings": [{"Value": "8.2/10", "Source": "Internet Movie Database"}], "plot": "Steven Matrix is one of the underworld's foremost hitmen until his luck runs out, and someone puts a contract out on him. Shot in the forehead by a .22 pistol, Matrix \"dies\" and finds ...", "awards": "1 win.", "dvd": null, "director": 11, "type": 2, "scenarists": [121], "actors": [117, 118, 119, 120], "countrys": [3], "genres": [2, 4, 6, 14]}}, {"model": "movielistapp.movie", "pk": 31, "fields": {"imdbID": "tt4154796", "name": "Avengers: Endgame", "year": 2019, "released": "2019-04-26", "runtime": "N/A", "poster_link": "https://m.media-amazon.com/images/M/MV5BNGZiMzBkZjMtNjE3Mi00MWNlLWIyYjItYTk3MjY0Yjg5ODZkXkEyXkFqcGdeQXVyNDg4NjY5OTQ@._V1_SX300.jpg", "ratings": [], "plot": "After the devastating events of Avengers: Infinity War (2018), the universe is in ruins. With the help of remaining allies, the Avengers assemble once more in order to undo Thanos' actions and restore order to the universe.", "awards": "N/A", "dvd": null, "director": 147, "type": 1, "scenarists": [148, 149, 150, 151, 152], "actors": [143, 144, 145, 146], "countrys": [1], "genres": [4, 5, 6, 12]}}, {"model": "movielistapp.movie", "pk": 32, "fields": {"imdbID": "tt0848228", "name": "The Avengers", "year": 2012, "released": "2012-05-04", "runtime": "143 min", "poster_link": "https://m.media-amazon.com/images/M/MV5BNDYxNjQyMjAtNTdiOS00NGYwLWFmNTAtNThmYjU5ZGI2YTI1XkEyXkFqcGdeQXVyMTMxODk2OTU@._V1_SX300.jpg", "ratings": [{"Value": "8.1/10", "Source": "Internet Movie Database"}, {"Value": "92%", "Source": "Rotten Tomatoes"}, {"Value": "69/100", "Source": "Metacritic"}], "plot": "Earth's mightiest heroes must come together and learn to fight as a team if they are going to stop the mischievous Loki and his alien army from enslaving humanity.", "awards": "Nominated for 1 Oscar. Another 38 wins & 79 nominations.", "dvd": "2012-09-25", "director": 154, "type": 1, "scenarists": [155, 156, 157], "actors": [76, 146, 153, 145], "countrys": [1], "genres": [4, 5, 12]}}, {"model": "movielistapp.movie", "pk": 33, "fields": {"imdbID": "tt0091464", "name": "Malcolm", "year": 1986, "released": "1986-11-05", "runtime": "90 min", "poster_link": "https://m.media-amazon.com/images/M/MV5BMjE3NTUyMjYzM15BMl5BanBnXkFtZTgwNjA1MzkwMzE@._V1_SX300.jpg", "ratings": [{"Value": "7.3/10", "Source": "Internet Movie Database"}], "plot": "Malcolm is a chronically shy mechanical genius who has just been fired for building his own tram. He gets Frank, who has just been released from jail, to move in to help pay the bills. ...", "awards": "9 wins.", "dvd": "2007-11-27", "director": 162, "type": 1, "scenarists": [163], "actors": [158, 159, 160, 161], "countrys": [10], "genres": [10, 12, 16]}}, {"model": "movielistapp.movie", "pk": 34, "fields": {"imdbID": "tt0212671", "name": "Malcolm in the Middle", "year": 2000, "released": "2000-01-09", "runtime": "22 min", "poster_link": "https://m.media-amazon.com/images/M/MV5BNTc2MzM2N2YtZDdiOS00M2I2LWFjOGItMDM3OTA3YjUwNjAxXkEyXkFqcGdeQXVyNzA5NjUyNjM@._V1_SX300.jpg", "ratings": [{"Value": "8.0/10", "Source": "Internet Movie Database"}], "plot": "A gifted young teen tries to survive life with his dimwitted, dysfunctional family.", "awards": "Nominated for 7 Golden Globes. Another 46 wins & 107 nominations.", "dvd": null, "director": 11, "type": 2, "scenarists": [126, 127, 128, 129], "actors": [122, 123, 124, 125], "countrys": [1], "genres": [10, 11]}}, {"model": "movielistapp.movie", "pk": 36, "fields": {"imdbID": "tt0092330", "name": "Casino Royal", "year": 1989, "released": "1990-01-22", "runtime": "N/A", "poster_link": "https://images-na.ssl-images-amazon.com/images/M/MV5BYTViZmVlMjEtYmIzYy00NzI0LWExZmYtODA1OGI2Y2RlNzgwXkEyXkFqcGdeQXVyNDg5MjMyMTM@._V1_SX300.jpg", "ratings": [{"Value": "7.4/10", "Source": "Internet Movie Database"}], "plot": "N/A", "awards": "N/A", "dvd": null, "director": 11, "type": 2, "scenarists": [11], "actors": [164, 165, 166, 167], "countrys": [11], "genres": [10]}}, {"model": "movielistapp.movie", "pk": 37, "fields": {"imdbID": "tt4626346", "name": "Quantum", "year": 2015, "released": "2015-11-15", "runtime": "21 min", "poster_link": "https://m.media-amazon.com/images/M/MV5BMTA4MDcwOTE3MDReQTJeQWpwZ15BbWU4MDQ4Nzk5MjYx._V1_SX300.jpg", "ratings": [{"Value": "7.0/10", "Source": "Internet Movie Database"}], "plot": "An isolated Russian pizza delivery boy is obsessed with quantum physics and begins to develop special powers.", "awards": "N/A", "dvd": null, "director": 172, "type": 1, "scenarists": [172], "actors": [168, 169, 170, 171], "countrys": [12], "genres": [1, 2, 12]}}, {"model": "movielistapp.movie", "pk": 38, "fields": {"imdbID": "tt0830515", "name": "Quantum of Solace", "year": 2008, "released": "2008-11-14", "runtime": "106 min", "poster_link": "https://m.media-amazon.com/images/M/MV5BMjZiYTUzMzktZWI5Yy00Mzk4LWFlMDgtYjRmNWU0Mzc0MzNiXkEyXkFqcGdeQXVyMjUzOTY1NTc@._V1_SX300.jpg", "ratings": [{"Value": "6.6/10", "Source": "Internet Movie Database"}, {"Value": "65%", "Source": "Rotten Tomatoes"}, {"Value": "58/100", "Source": "Metacritic"}], "plot": "James Bond descends into mystery as he tries to stop a mysterious organization from eliminating a country's most valuable resource.", "awards": "Nominated for 2 BAFTA Film Awards. Another 4 wins & 30 nominations.", "dvd": "2009-03-24", "director": 177, "type": 1, "scenarists": [178, 179, 180], "actors": [173, 174, 175, 176], "countrys": [1, 2], "genres": [4, 5, 14]}}, {"model": "movielistapp.movie", "pk": 40, "fields": {"imdbID": "tt0031298", "name": "Fast and Furious", "year": 1939, "released": "1939-10-06", "runtime": "73 min", "poster_link": "https://m.media-amazon.com/images/M/MV5BMjAyNTQ1NjA3Ml5BMl5BanBnXkFtZTgwOTIyNjIxMzE@._V1_SX300.jpg", "ratings": [{"Value": "6.2/10", "Source": "Internet Movie Database"}], "plot": "Rare book dealers Joel and Garda take a summertime jaunt to the seashore where he becomes involved in a beauty pageant as investor and judge much to her chagrin.", "awards": "N/A", "dvd": null, "director": 185, "type": 1, "scenarists": [186], "actors": [181, 182, 183, 184], "countrys": [1], "genres": [10, 16, 17, 18]}}, {"model": "movielistapp.movie", "pk": 41, "fields": {"imdbID": "tt0434665", "name": "Bleach", "year": 2004, "released": "2006-09-09", "runtime": "24 min", "poster_link": "https://m.media-amazon.com/images/M/MV5BZjE0YjVjODQtZGY2NS00MDcyLThhMDAtZGQwMTZiOWNmNjRiXkEyXkFqcGdeQXVyNTA4NzY1MzY@._V1_SX300.jpg", "ratings": [{"Value": "8.2/10", "Source": "Internet Movie Database"}], "plot": "High school student Kurosaki Ichigo is unlike any ordinary kid because he can see ghosts. After an accident with a hollow, he got a power.So begins Kurosaki Ichigo's training and duty as a Shinigami, Soul Reaper.", "awards": "2 wins & 8 nominations.", "dvd": null, "director": 11, "type": 2, "scenarists": [191], "actors": [187, 188, 189, 190], "countrys": [4], "genres": [2, 4, 5, 6, 9, 10, 12, 14, 15]}}, {"model": "movielistapp.movie", "pk": 42, "fields": {"imdbID": "tt5611026", "name": "One Piece", "year": 1999, "released": "1999-10-20", "runtime": "N/A", "poster_link": "https://m.media-amazon.com/images/M/MV5BMTcyZjlkYWEtMTg5ZC00NDFlLWE4NjItMzYxNDc4M2ZmYTAwXkEyXkFqcGdeQXVyNzk2ODQxMDg@._V1_SX300.jpg", "ratings": [{"Value": "9.5/10", "Source": "Internet Movie Database"}], "plot": "The young pirate Monkey D Luffy sets out on a quest in search of the legendary treasure One Piece.", "awards": "N/A", "dvd": null, "director": 11, "type": 2, "scenarists": [11], "actors": [192], "countrys": [1, 4], "genres": [4, 5, 10]}}, {"model": "movielistapp.movie", "pk": 43, "fields": {"imdbID": "tt0077534", "name": "Fairy Tales", "year": 1978, "released": "1978-08-01", "runtime": "76 min", "poster_link": "https://m.media-amazon.com/images/M/MV5BNWM1YTY4ZTctZThkNy00YTlmLWEyM2QtODEzY2RmMDhmNTBkXkEyXkFqcGdeQXVyNTM3MDMyMDQ@._V1_SX300.jpg", "ratings": [{"Value": "5.0/10", "Source": "Internet Movie Database"}], "plot": "On his twenty-first birthday, the Prince goes on a quest that takes him across the land searching for the one woman that gets him sexually excited, Princess Sleeping Beauty.", "awards": "N/A", "dvd": null, "director": 197, "type": 1, "scenarists": [198, 199, 200], "actors": [193, 194, 195, 196], "countrys": [1], "genres": [5, 10, 6, 17]}}, {"model": "movielistapp.movie", "pk": 44, "fields": {"imdbID": "tt2582802", "name": "Whiplash", "year": 2014, "released": "2014-10-15", "runtime": "106 min", "poster_link": "https://m.media-amazon.com/images/M/MV5BOTA5NDZlZGUtMjAxOS00YTRkLTkwYmMtYWQ0NWEwZDZiNjEzXkEyXkFqcGdeQXVyMTMxODk2OTU@._V1_SX300.jpg", "ratings": [{"Value": "8.5/10", "Source": "Internet Movie Database"}, {"Value": "93%", "Source": "Rotten Tomatoes"}, {"Value": "88/100", "Source": "Metacritic"}], "plot": "A promising young drummer enrolls at a cut-throat music conservatory where his dreams of greatness are mentored by an instructor who will stop at nothing to realize a student's potential.", "awards": "Won 3 Oscars. Another 89 wins & 136 nominations.", "dvd": "2015-02-24", "director": 205, "type": 1, "scenarists": [205], "actors": [201, 202, 203, 204], "countrys": [1], "genres": [2, 19]}}, {"model": "movielistapp.movie", "pk": 45, "fields": {"imdbID": "tt0944947", "name": "Game of Thrones", "year": 2011, "released": "2011-04-17", "runtime": "57 min", "poster_link": "https://m.media-amazon.com/images/M/MV5BMzkzNjBkOGItNGMxNC00NTNiLWI5ZGQtZmZlNTMwYWE1MGUzXkEyXkFqcGdeQXVyMTYzMDM0NTU@._V1_SX300.jpg", "ratings": [{"Value": "9.5/10", "Source": "Internet Movie Database"}], "plot": "Nine noble families fight for control over the mythical lands of Westeros, while an ancient enemy returns after being dormant for thousands of years.", "awards": "Won 1 Golden Globe. Another 273 wins & 454 nominations.", "dvd": null, "director": 11, "type": 2, "scenarists": [12, 13], "actors": [7, 8, 9, 10], "countrys": [1, 2], "genres": [4, 5, 2, 6, 7]}}, {"model": "movielistapp.movie", "pk": 46, "fields": {"imdbID": "tt0120737", "name": "The Lord of the Rings: The Fellowship of the Ring", "year": 2001, "released": "2001-12-19", "runtime": "178 min", "poster_link": "https://m.media-amazon.com/images/M/MV5BN2EyZjM3NzUtNWUzMi00MTgxLWI0NTctMzY4M2VlOTdjZWRiXkEyXkFqcGdeQXVyNDUzOTQ5MjY@._V1_SX300.jpg", "ratings": [{"Value": "8.8/10", "Source": "Internet Movie Database"}, {"Value": "91%", "Source": "Rotten Tomatoes"}, {"Value": "92/100", "Source": "Metacritic"}], "plot": "A meek Hobbit from the Shire and eight companions set out on a journey to destroy the powerful One Ring and save Middle-earth from the Dark Lord Sauron.", "awards": "Won 4 Oscars. Another 113 wins & 123 nominations.", "dvd": "2002-08-06", "director": 210, "type": 1, "scenarists": [211, 212, 213, 214], "actors": [206, 207, 208, 209], "countrys": [1, 13], "genres": [5, 2, 6]}}, {"model": "movielistapp.movie", "pk": 47, "fields": {"imdbID": "tt3486324", "name": "Star Wars: Last Stand of the Jedi", "year": 2008, "released": "2008-05-03", "runtime": "8 min", "poster_link": "https://images-na.ssl-images-amazon.com/images/M/MV5BM2QwZmZlM2QtZmIxZi00OGYxLTljYjctYzkwZmRhZWM3ZTIzXkEyXkFqcGdeQXVyNjM2NDIwMzQ@._V1_SX300.jpg", "ratings": [], "plot": "It is a time of darkness. The evil Galactic Empire is on the rise and those who once served and protected the galaxy are forced to hide. One Jedi master, risen from the ashes of his death, ...", "awards": "N/A", "dvd": null, "director": 11, "type": 1, "scenarists": [11], "actors": [11], "countrys": [1], "genres": [1, 4, 5]}}, {"model": "movielistapp.movie", "pk": 48, "fields": {"imdbID": "tt2488496", "name": "Star Wars: Episode VII - The Force Awakens", "year": 2015, "released": "2015-12-18", "runtime": "136 min", "poster_link": "https://m.media-amazon.com/images/M/MV5BOTAzODEzNDAzMl5BMl5BanBnXkFtZTgwMDU1MTgzNzE@._V1_SX300.jpg", "ratings": [{"Value": "8.0/10", "Source": "Internet Movie Database"}, {"Value": "93%", "Source": "Rotten Tomatoes"}, {"Value": "81/100", "Source": "Metacritic"}], "plot": "Three decades after the Empire's defeat, a new threat arises in the militant First Order. Stormtrooper defector Finn and the scavenger Rey are caught up in the Resistance's search for the missing Luke Skywalker.", "awards": "Nominated for 5 Oscars. Another 57 wins & 123 nominations.", "dvd": "2016-04-05", "director": 219, "type": 1, "scenarists": [220, 219, 221, 222], "actors": [215, 216, 217, 218], "countrys": [1], "genres": [4, 5, 6, 12]}}, {"model": "movielistapp.movie", "pk": 49, "fields": {"imdbID": "tt0110912", "name": "Pulp Fiction", "year": 1994, "released": "1994-10-14", "runtime": "154 min", "poster_link": "https://m.media-amazon.com/images/M/MV5BNGNhMDIzZTUtNTBlZi00MTRlLWFjM2ItYzViMjE3YzI5MjljXkEyXkFqcGdeQXVyNzkwMjQ5NzM@._V1_SX300.jpg", "ratings": [{"Value": "8.9/10", "Source": "Internet Movie Database"}, {"Value": "94%", "Source": "Rotten Tomatoes"}, {"Value": "94/100", "Source": "Metacritic"}], "plot": "The lives of two mob hitmen, a boxer, a gangster's wife, and a pair of diner bandits intertwine in four tales of violence and redemption.", "awards": "Won 1 Oscar. Another 62 wins & 69 nominations.", "dvd": "1998-05-19", "director": 227, "type": 1, "scenarists": [228, 229, 227], "actors": [223, 224, 225, 226], "countrys": [1], "genres": [16, 2]}}, {"model": "movielistapp.movie", "pk": 50, "fields": {"imdbID": "tt0266697", "name": "Kill Bill: Vol. 1", "year": 2003, "released": "2003-10-10", "runtime": "111 min", "poster_link": "https://m.media-amazon.com/images/M/MV5BNzM3NDFhYTAtYmU5Mi00NGRmLTljYjgtMDkyODQ4MjNkMGY2XkEyXkFqcGdeQXVyNzkwMjQ5NzM@._V1_SX300.jpg", "ratings": [{"Value": "8.1/10", "Source": "Internet Movie Database"}, {"Value": "84%", "Source": "Rotten Tomatoes"}, {"Value": "69/100", "Source": "Metacritic"}], "plot": "After awakening from a four-year coma, a former assassin wreaks vengeance on the team of assassins who betrayed her.", "awards": "Nominated for 1 Golden Globe. Another 27 wins & 99 nominations.", "dvd": "2004-04-13", "director": 227, "type": 1, "scenarists": [227, 234, 235], "actors": [230, 231, 232, 233], "countrys": [1], "genres": [4, 16, 14]}}, {"model": "movielistapp.movie", "pk": 51, "fields": {"imdbID": "tt2527336", "name": "Star Wars: Episode VIII - The Last Jedi", "year": 2017, "released": "2017-12-15", "runtime": "152 min", "poster_link": "https://m.media-amazon.com/images/M/MV5BMjQ1MzcxNjg4N15BMl5BanBnXkFtZTgwNzgwMjY4MzI@._V1_SX300.jpg", "ratings": [{"Value": "7.2/10", "Source": "Internet Movie Database"}, {"Value": "91%", "Source": "Rotten Tomatoes"}, {"Value": "85/100", "Source": "Metacritic"}], "plot": "Rey develops her newly discovered abilities with the guidance of Luke Skywalker, who is unsettled by the strength of her powers. Meanwhile, the Resistance prepares for battle with the First Order.", "awards": "Nominated for 4 Oscars. Another 12 wins & 71 nominations.", "dvd": "2018-03-27", "director": 237, "type": 1, "scenarists": [237, 222], "actors": [216, 217, 218, 236], "countrys": [1], "genres": [4, 5, 6, 12]}}, {"model": "movielistapp.movie", "pk": 52, "fields": {"imdbID": "tt1119646", "name": "The Hangover", "year": 2009, "released": "2009-06-05", "runtime": "100 min", "poster_link": "https://m.media-amazon.com/images/M/MV5BNGQwZjg5YmYtY2VkNC00NzliLTljYTctNzI5NmU3MjE2ODQzXkEyXkFqcGdeQXVyNzkwMjQ5NzM@._V1_SX300.jpg", "ratings": [{"Value": "7.7/10", "Source": "Internet Movie Database"}, {"Value": "78%", "Source": "Rotten Tomatoes"}, {"Value": "73/100", "Source": "Metacritic"}], "plot": "Three buddies wake up from a bachelor party in Las Vegas, with no memory of the previous night and the bachelor missing. They make their way around the city in order to find their friend before his wedding.", "awards": "Won 1 Golden Globe. Another 12 wins & 25 nominations.", "dvd": "2009-12-15", "director": 241, "type": 1, "scenarists": [242, 243], "actors": [143, 238, 239, 240], "countrys": [1, 14], "genres": [10]}}, {"model": "movielistapp.movie", "pk": 53, "fields": {"imdbID": "tt1878976", "name": "Les Visiteurs", "year": 2011, "released": "2011-03-30", "runtime": "10 min", "poster_link": "N/A", "ratings": [], "plot": "N/A", "awards": "N/A", "dvd": null, "director": 247, "type": 1, "scenarists": [247], "actors": [244, 245, 246], "countrys": [15], "genres": [1, 2]}}, {"model": "movielistapp.movie", "pk": 54, "fields": {"imdbID": "tt0108500", "name": "The Visitors", "year": 1993, "released": "1996-07-12", "runtime": "107 min", "poster_link": "https://m.media-amazon.com/images/M/MV5BMjc2ODE2OTYtNTgyMS00ZDY1LWJiZjMtNzAxODcyN2VjZjhkXkEyXkFqcGdeQXVyMTY5MDE5NA@@._V1_SX300.jpg", "ratings": [{"Value": "7.0/10", "Source": "Internet Movie Database"}, {"Value": "31%", "Source": "Rotten Tomatoes"}], "plot": "A medieval nobleman and his squire are accidentally transported to contemporary times by a senile sorcerer. He enlists the aid of his descendent to try to find a way to return home, all the...", "awards": "1 win & 8 nominations.", "dvd": "2001-09-11", "director": 251, "type": 1, "scenarists": [248, 251], "actors": [248, 100, 249, 250], "countrys": [15], "genres": [10, 6]}}, {"model": "movielistapp.movie", "pk": 55, "fields": {"imdbID": "tt0096895", "name": "Batman", "year": 1989, "released": "1989-06-23", "runtime": "126 min", "poster_link": "https://m.media-amazon.com/images/M/MV5BMTYwNjAyODIyMF5BMl5BanBnXkFtZTYwNDMwMDk2._V1_SX300.jpg", "ratings": [{"Value": "7.5/10", "Source": "Internet Movie Database"}, {"Value": "71%", "Source": "Rotten Tomatoes"}, {"Value": "69/100", "Source": "Metacritic"}], "plot": "The Dark Knight of Gotham City begins his war on crime with his first major enemy being the clownishly homicidal Joker.", "awards": "Won 1 Oscar. Another 8 wins & 26 nominations.", "dvd": "1997-03-25", "director": 256, "type": 1, "scenarists": [257, 258, 259, 260], "actors": [252, 253, 254, 255], "countrys": [1, 2], "genres": [4, 5]}}, {"model": "movielistapp.movie", "pk": 56, "fields": {"imdbID": "tt0078346", "name": "Superman", "year": 1978, "released": "1978-12-15", "runtime": "143 min", "poster_link": "https://m.media-amazon.com/images/M/MV5BMzA0YWMwMTUtMTVhNC00NjRkLWE2ZTgtOWEzNjJhYzNiMTlkXkEyXkFqcGdeQXVyNjc1NTYyMjg@._V1_SX300.jpg", "ratings": [{"Value": "7.3/10", "Source": "Internet Movie Database"}, {"Value": "94%", "Source": "Rotten Tomatoes"}, {"Value": "80/100", "Source": "Metacritic"}], "plot": "An alien orphan is sent from his dying planet to Earth, where he grows up to become his adoptive home's first and greatest superhero.", "awards": "Nominated for 3 Oscars. Another 17 wins & 18 nominations.", "dvd": "2001-05-01", "director": 265, "type": 1, "scenarists": [266, 267, 268, 269, 270, 271, 272], "actors": [261, 262, 263, 264], "countrys": [1, 2, 3, 7, 16], "genres": [4, 5, 2, 12]}}, {"model": "movielistapp.movie", "pk": 57, "fields": {"imdbID": "tt0091288", "name": "Jean de Florette", "year": 1986, "released": "1987-08-28", "runtime": "120 min", "poster_link": "https://m.media-amazon.com/images/M/MV5BMTgxNDc1NTE2OF5BMl5BanBnXkFtZTcwMjczNzA2NA@@._V1_SX300.jpg", "ratings": [{"Value": "8.1/10", "Source": "Internet Movie Database"}, {"Value": "100%", "Source": "Rotten Tomatoes"}], "plot": "A greedy landowner and his backward nephew conspire to block the only water source for an adjoining property in order to bankrupt the owner and force him to sell.", "awards": "Nominated for 1 Golden Globe. Another 11 wins & 16 nominations.", "dvd": "2001-01-23", "director": 277, "type": 1, "scenarists": [278, 279, 280], "actors": [273, 274, 275, 276], "countrys": [7, 15, 17], "genres": [2]}}, {"model": "movielistapp.movie", "pk": 58, "fields": {"imdbID": "tt2044729", "name": "A Glimpse Inside the Mind of Charles Swan III", "year": 2012, "released": "2013-03-14", "runtime": "86 min", "poster_link": "https://m.media-amazon.com/images/M/MV5BMTM5MjQ4NTkwNl5BMl5BanBnXkFtZTcwNjkxOTc5OA@@._V1_SX300.jpg", "ratings": [{"Value": "4.8/10", "Source": "Internet Movie Database"}, {"Value": "16%", "Source": "Rotten Tomatoes"}, {"Value": "28/100", "Source": "Metacritic"}], "plot": "A graphic designer's enviable life slides into despair when his girlfriend breaks up with him.", "awards": "1 nomination.", "dvd": "2013-05-14", "director": 285, "type": 1, "scenarists": [285], "actors": [281, 282, 283, 284], "countrys": [1], "genres": [10]}}, {"model": "movielistapp.movie", "pk": 59, "fields": {"imdbID": "tt0161944", "name": "Roger", "year": 1996, "released": null, "runtime": "32 min", "poster_link": "N/A", "ratings": [{"Value": "8.3/10", "Source": "Internet Movie Database"}], "plot": "N/A", "awards": "N/A", "dvd": null, "director": 286, "type": 1, "scenarists": [286], "actors": [11], "countrys": [18], "genres": [13, 1]}}, {"model": "movielistapp.movie", "pk": 60, "fields": {"imdbID": "tt0060268", "name": "Cul-De-Sac", "year": 1966, "released": "1966-11-07", "runtime": "113 min", "poster_link": "https://m.media-amazon.com/images/M/MV5BY2JiNzA4OTUtMTRhYy00OWZlLTlhYzctYjk1MTgzYjg1MWI1XkEyXkFqcGdeQXVyNjQ2MjQ5NzM@._V1_SX300.jpg", "ratings": [{"Value": "7.2/10", "Source": "Internet Movie Database"}, {"Value": "83%", "Source": "Rotten Tomatoes"}], "plot": "In search of help, two wounded gangsters on the run find refuge in the secluded castle of a feeble man and his wife; however, under the point of a gun, nothing is what it seems.", "awards": "Nominated for 1 BAFTA Film Award. Another 1 win.", "dvd": "2011-08-16", "director": 291, "type": 1, "scenarists": [292, 293], "actors": [287, 288, 289, 290], "countrys": [2], "genres": [10, 2, 14]}}, {"model": "movielistapp.listmovie", "pk": 4, "fields": {"note": null, "movie": 30, "state": null, "user": 2}}, {"model": "movielistapp.listmovie", "pk": 6, "fields": {"note": 10, "movie": 1, "state": null, "user": 2}}, {"model": "movielistapp.listmovie", "pk": 7, "fields": {"note": null, "movie": 32, "state": 2, "user": 3}}, {"model": "movielistapp.listmovie", "pk": 8, "fields": {"note": 10, "movie": 44, "state": 1, "user": 3}}, {"model": "movielistapp.listmovie", "pk": 9, "fields": {"note": 8, "movie": 34, "state": 1, "user": 3}}, {"model": "movielistapp.listmovie", "pk": 10, "fields": {"note": 7, "movie": 45, "state": 1, "user": 3}}, {"model": "movielistapp.listmovie", "pk": 11, "fields": {"note": 10, "movie": 46, "state": 1, "user": 3}}, {"model": "movielistapp.listmovie", "pk": 12, "fields": {"note": 8, "movie": 48, "state": 1, "user": 3}}, {"model": "movielistapp.listmovie", "pk": 13, "fields": {"note": null, "movie": 49, "state": 2, "user": 3}}, {"model": "movielistapp.listmovie", "pk": 14, "fields": {"note": 9, "movie": 50, "state": 1, "user": 3}}, {"model": "movielistapp.listmovie", "pk": 15, "fields": {"note": 8, "movie": 51, "state": 1, "user": 3}}, {"model": "movielistapp.listmovie", "pk": 16, "fields": {"note": null, "movie": 52, "state": 2, "user": 3}}, {"model": "movielistapp.listmovie", "pk": 17, "fields": {"note": 10, "movie": 54, "state": 1, "user": 3}}, {"model": "movielistapp.listmovie", "pk": 18, "fields": {"note": null, "movie": 55, "state": 1, "user": 4}}, {"model": "movielistapp.listmovie", "pk": 19, "fields": {"note": null, "movie": 56, "state": 1, "user": 4}}, {"model": "movielistapp.listmovie", "pk": 20, "fields": {"note": null, "movie": 57, "state": 1, "user": 4}}, {"model": "movielistapp.listmovie", "pk": 21, "fields": {"note": null, "movie": 58, "state": 1, "user": 4}}, {"model": "movielistapp.listmovie", "pk": 22, "fields": {"note": null, "movie": 60, "state": 1, "user": 4}}, {"model": "admin.logentry", "pk": 1, "fields": {"action_time": "2019-03-27T14:33:20.986Z", "user": 4, "content_type": 12, "object_id": "1", "object_repr": "Seen", "action_flag": 1, "change_message": "[{\"added\": {}}]"}}, {"model": "admin.logentry", "pk": 2, "fields": {"action_time": "2019-03-27T14:33:26.640Z", "user": 4, "content_type": 12, "object_id": "2", "object_repr": "Plan to watch", "action_flag": 1, "change_message": "[{\"added\": {}}]"}}]